date_time,maxtempC,mintempC,totalSnow_cm,sunHour,uvIndex,uvIndex,moon_illumination,moonrise,moonset,sunrise,sunset,DewPointC,FeelsLikeC,HeatIndexC,WindChillC,WindGustKmph,cloudcover,humidity,precipMM,pressure,tempC,visibility,winddirDegree,windspeedKmph
2010-01-01,14,1,0.0,8.7,3,3,100,07:16 PM,08:50 AM,08:00 AM,05:51 PM,-2,5,7,5,13,27,57,0.0,1025,14,10,188,7
2010-01-02,17,4,0.0,8.7,3,3,85,08:30 PM,09:34 AM,08:01 AM,05:52 PM,1,7,8,7,13,6,62,0.0,1022,17,10,169,7
2010-01-03,15,3,0.0,8.7,3,3,77,09:43 PM,10:10 AM,08:01 AM,05:53 PM,-4,6,8,6,15,30,47,0.0,1021,15,10,51,8
2010-01-04,15,3,0.0,8.7,3,3,70,10:53 PM,10:44 AM,08:01 AM,05:54 PM,-4,7,8,7,15,14,46,0.0,1021,15,10,90,9
2010-01-05,17,3,0.0,8.7,3,3,63,No moonrise,11:15 AM,08:01 AM,05:54 PM,-4,7,8,7,11,5,44,0.0,1020,17,10,161,6
2010-01-06,19,6,0.0,8.7,3,3,56,12:00 AM,11:45 AM,08:01 AM,05:55 PM,-5,9,10,9,12,14,37,0.0,1018,19,10,159,6
2010-01-07,18,6,0.0,8.7,4,4,48,01:06 AM,12:16 PM,08:01 AM,05:56 PM,-1,9,10,9,13,9,49,0.0,1017,18,10,121,7
2010-01-08,14,5,0.0,8.7,3,3,41,02:11 AM,12:50 PM,08:01 AM,05:57 PM,1,8,9,8,14,8,60,0.0,1021,14,10,61,9
2010-01-09,16,3,0.0,8.7,3,3,34,03:15 AM,01:28 PM,08:01 AM,05:58 PM,-2,8,9,8,10,17,50,0.0,1022,16,10,124,6
2010-01-10,18,5,0.0,8.7,4,4,27,04:16 AM,02:10 PM,08:01 AM,05:59 PM,0,10,11,10,13,4,53,0.0,1021,18,10,166,8
2010-01-11,17,6,0.0,10.0,4,4,19,05:15 AM,02:57 PM,08:01 AM,06:00 PM,0,9,10,9,14,12,53,0.0,1022,17,10,57,8
2010-01-12,19,5,0.0,10.0,4,4,12,06:09 AM,03:50 PM,08:00 AM,06:01 PM,-1,10,11,10,11,7,51,0.0,1020,19,10,174,6
2010-01-13,12,5,0.0,10.0,3,3,5,06:57 AM,04:45 PM,08:00 AM,06:02 PM,0,5,8,5,22,22,61,0.0,1020,12,10,271,16
2010-01-14,14,3,0.0,10.0,3,3,0,07:39 AM,05:43 PM,08:00 AM,06:02 PM,-4,6,8,6,16,4,51,0.0,1024,14,10,161,9
2010-01-15,15,2,0.0,10.0,3,3,0,08:15 AM,06:41 PM,08:00 AM,06:03 PM,-5,6,7,6,10,27,43,0.0,1022,15,10,67,6
2010-01-16,17,5,0.0,10.0,3,3,2,08:46 AM,07:39 PM,08:00 AM,06:04 PM,-6,8,9,8,10,27,37,0.0,1015,17,10,169,6
2010-01-17,13,3,0.0,10.5,3,3,10,09:15 AM,08:34 PM,07:59 AM,06:05 PM,-1,5,7,5,15,23,61,2.8,1013,13,10,259,10
2010-01-18,9,5,0.0,6.8,2,2,17,09:41 AM,09:31 PM,07:59 AM,06:06 PM,6,5,7,5,16,80,92,4.5,1008,9,7,197,10
2010-01-19,5,3,0.0,8.4,1,1,24,10:05 AM,10:26 PM,07:59 AM,06:07 PM,2,1,4,1,17,64,91,2.8,1006,5,7,215,11
2010-01-20,6,3,0.0,6.8,1,1,31,10:30 AM,11:23 PM,07:58 AM,06:08 PM,3,1,4,1,18,72,92,3.0,1002,6,8,203,12
2010-01-21,4,0,0.0,5.3,1,1,39,10:57 AM,No moonset,07:58 AM,06:09 PM,2,-1,3,-1,22,86,95,4.2,990,4,7,170,14
2010-01-22,5,1,0.0,8.4,2,2,46,11:26 AM,12:21 AM,07:57 AM,06:10 PM,1,-1,3,-1,21,58,87,0.1,998,5,10,244,15
2010-01-23,6,-1,0.0,10.5,2,2,53,11:59 AM,01:22 AM,07:57 AM,06:11 PM,-1,-1,2,-1,14,11,83,0.0,1015,6,10,274,9
2010-01-24,10,-1,0.0,10.6,2,2,60,12:39 PM,02:26 AM,07:56 AM,06:12 PM,-2,2,4,2,9,13,70,0.0,1021,10,10,218,5
2010-01-25,10,1,0.0,10.6,2,2,68,01:27 PM,03:32 AM,07:56 AM,06:13 PM,1,4,5,4,10,41,77,0.0,1017,10,10,141,6
2010-01-26,10,1,0.0,10.0,3,3,75,02:24 PM,04:37 AM,07:55 AM,06:14 PM,2,4,5,4,11,35,82,0.7,1013,10,9,155,7
2010-01-27,10,2,0.0,10.6,3,3,82,03:32 PM,05:39 AM,07:55 AM,06:15 PM,3,4,6,4,12,26,83,0.2,1014,10,6,203,7
2010-01-28,11,0,0.0,10.6,3,3,90,04:45 PM,06:34 AM,07:54 AM,06:16 PM,-0,4,5,4,12,20,70,0.0,1018,11,10,138,7
2010-01-29,12,1,0.0,10.0,3,3,97,06:02 PM,07:22 AM,07:53 AM,06:17 PM,-0,5,6,5,8,30,68,0.0,1017,12,10,141,5
2010-01-30,12,1,0.0,10.7,3,3,100,07:17 PM,08:03 AM,07:53 AM,06:18 PM,1,4,5,4,14,8,75,0.0,1015,12,10,290,8
2010-01-31,12,1,0.0,10.7,3,3,100,08:30 PM,08:39 AM,07:52 AM,06:19 PM,1,4,5,4,11,11,74,0.0,1015,12,10,161,6
2010-02-01,12,1,0.0,10.0,3,3,77,09:42 PM,09:12 AM,07:51 AM,06:20 PM,1,5,6,5,9,37,74,0.0,1014,12,9,75,5
2010-02-02,11,3,0.0,10.7,3,3,69,10:51 PM,09:44 AM,07:50 AM,06:21 PM,0,5,6,5,11,22,66,0.0,1010,11,10,48,7
2010-02-03,13,1,0.0,10.7,3,3,62,11:59 PM,10:16 AM,07:50 AM,06:22 PM,-1,5,7,5,16,8,59,0.0,1009,13,10,308,9
2010-02-04,12,2,0.0,10.7,3,3,54,No moonrise,10:50 AM,07:49 AM,06:23 PM,0,5,7,5,17,29,66,0.0,1012,12,10,250,11
2010-02-05,11,5,0.0,10.0,3,3,47,01:05 AM,11:27 AM,07:48 AM,06:24 PM,4,5,7,5,14,55,84,1.4,1015,11,9,189,10
2010-02-06,9,5,0.0,6.9,2,2,39,02:09 AM,12:08 PM,07:47 AM,06:25 PM,5,5,7,5,14,78,90,7.3,1012,9,9,207,10
2010-02-07,8,2,0.0,10.8,2,2,32,03:10 AM,12:55 PM,07:46 AM,06:26 PM,1,1,4,1,21,29,83,0.3,1012,8,9,279,14
2010-02-08,12,1,0.0,10.8,3,3,24,04:05 AM,01:46 PM,07:45 AM,06:27 PM,1,4,6,4,11,15,74,0.0,1015,12,8,292,6
2010-02-09,9,1,0.0,10.1,2,2,16,04:55 AM,02:40 PM,07:44 AM,06:28 PM,1,3,5,3,12,48,79,1.8,1013,9,10,222,8
2010-02-10,11,2,0.0,10.9,3,3,9,05:39 AM,03:37 PM,07:43 AM,06:29 PM,1,4,5,4,12,22,75,0.1,1016,11,10,261,7
2010-02-11,14,1,0.0,10.9,3,3,1,06:16 AM,04:34 PM,07:42 AM,06:30 PM,0,5,6,5,15,9,66,0.0,1020,14,10,254,8
2010-02-12,14,2,0.0,10.9,3,3,0,06:49 AM,05:32 PM,07:41 AM,06:31 PM,-0,5,7,5,15,6,63,0.0,1021,14,10,298,8
2010-02-13,18,3,0.0,10.9,3,3,0,07:18 AM,06:29 PM,07:40 AM,06:32 PM,1,8,10,8,12,3,59,0.0,1019,18,10,228,6
2010-02-14,19,6,0.0,10.9,4,4,0,07:45 AM,07:25 PM,07:39 AM,06:33 PM,2,10,11,10,12,8,58,0.0,1019,19,10,246,7
2010-02-15,19,5,0.0,11.0,4,4,6,08:10 AM,08:20 PM,07:38 AM,06:34 PM,1,10,11,10,12,6,55,0.0,1017,19,10,201,7
2010-02-16,19,6,0.0,11.0,4,4,13,08:35 AM,09:17 PM,07:37 AM,06:35 PM,0,11,11,11,14,15,48,0.0,1016,19,10,133,8
2010-02-17,19,7,0.0,11.0,4,4,21,09:01 AM,10:14 PM,07:36 AM,06:36 PM,1,11,12,11,12,16,52,0.0,1015,19,10,179,7
2010-02-18,19,6,0.0,10.1,4,4,29,09:29 AM,11:14 PM,07:35 AM,06:37 PM,-0,10,12,10,20,21,47,0.0,1012,19,10,279,12
2010-02-19,13,6,0.0,11.0,3,3,36,10:00 AM,No moonset,07:34 AM,06:38 PM,2,7,9,7,23,36,64,0.0,1010,13,10,240,16
2010-02-20,12,5,0.0,11.1,3,3,44,10:36 AM,12:15 AM,07:33 AM,06:39 PM,1,5,8,5,22,25,65,0.5,1010,12,9,264,16
2010-02-21,10,3,0.0,11.1,3,3,51,11:20 AM,01:19 AM,07:31 AM,06:40 PM,2,3,6,3,26,38,74,0.2,1014,10,9,263,19
2010-02-22,10,1,0.0,11.1,3,3,59,12:11 PM,02:22 AM,07:30 AM,06:41 PM,-6,3,5,3,17,21,51,0.1,1019,10,10,175,12
2010-02-23,13,-1,0.0,11.1,3,3,66,01:12 PM,03:23 AM,07:29 AM,06:42 PM,-9,5,6,5,11,23,38,0.0,1024,13,10,152,7
2010-02-24,12,6,0.0,8.6,3,3,74,02:20 PM,04:19 AM,07:28 AM,06:43 PM,3,5,8,5,24,52,69,0.5,1019,12,8,257,16
2010-02-25,18,3,0.0,11.2,3,3,81,03:33 PM,05:10 AM,07:27 AM,06:44 PM,0,8,9,8,13,17,57,0.0,1021,18,10,185,8
2010-02-26,16,6,0.0,11.2,4,4,89,04:48 PM,05:53 AM,07:25 AM,06:45 PM,-2,9,10,9,15,38,44,0.0,1017,16,10,115,10
2010-02-27,11,4,0.0,11.2,3,3,97,06:02 PM,06:31 AM,07:24 AM,06:46 PM,4,6,7,6,13,45,82,8.7,1006,11,9,218,9
2010-02-28,16,4,0.0,11.2,3,3,100,07:15 PM,07:06 AM,07:23 AM,06:47 PM,2,8,9,8,11,10,65,0.0,1013,16,10,311,7
2010-03-01,15,5,0.0,11.3,3,3,100,08:27 PM,07:40 AM,07:22 AM,06:48 PM,-0,8,9,8,14,20,54,0.0,1018,15,10,127,9
2010-03-02,13,4,0.0,11.3,3,3,85,09:38 PM,08:12 AM,07:20 AM,06:48 PM,2,6,8,6,16,19,70,0.1,1016,13,10,231,11
2010-03-03,13,4,0.0,11.3,3,3,78,10:47 PM,08:46 AM,07:19 AM,06:49 PM,2,5,8,5,23,29,69,0.1,1014,13,10,248,16
2010-03-04,9,1,0.0,11.3,2,2,71,11:54 PM,09:23 AM,07:18 AM,06:50 PM,-2,1,5,1,24,19,66,1.6,1015,9,10,280,18
2010-03-05,13,-1,0.0,11.4,3,3,63,No moonrise,10:04 AM,07:16 AM,06:51 PM,-3,5,6,5,16,20,55,0.0,1015,13,10,136,10
2010-03-06,11,4,0.0,10.1,3,3,56,12:58 AM,10:50 AM,07:15 AM,06:52 PM,-1,6,7,6,14,49,59,0.4,1009,11,9,127,8
2010-03-07,11,3,0.0,11.4,3,3,49,01:58 AM,11:40 AM,07:14 AM,06:53 PM,2,5,7,5,14,41,73,1.1,1010,11,9,293,10
2010-03-08,12,4,0.0,11.4,3,3,42,02:50 AM,12:34 PM,07:12 AM,06:54 PM,3,4,7,4,23,27,77,0.1,1015,12,10,271,16
2010-03-09,6,-1,0.1,11.4,2,2,34,03:36 AM,01:31 PM,07:11 AM,06:55 PM,-3,-2,2,-2,26,14,70,0.8,1016,6,10,286,20
2010-03-10,9,-1,0.0,11.5,2,2,27,04:16 AM,02:28 PM,07:10 AM,06:55 PM,-3,-1,3,-1,26,6,66,0.0,1016,9,10,281,18
2010-03-11,14,-1,0.0,11.5,3,3,20,04:50 AM,03:26 PM,07:08 AM,06:56 PM,-8,5,6,5,9,0,46,0.0,1021,14,10,161,5
2010-03-12,18,1,0.0,11.5,3,3,12,05:21 AM,04:22 PM,07:07 AM,06:57 PM,-5,8,9,8,16,9,42,0.0,1018,18,10,267,10
2010-03-13,11,4,0.0,11.5,3,3,5,05:49 AM,05:19 PM,07:05 AM,06:58 PM,-1,4,7,4,23,14,61,0.1,1015,11,10,248,16
2010-03-14,15,1,0.0,11.6,3,3,0,06:14 AM,06:14 PM,07:04 AM,06:59 PM,-12,6,7,6,16,2,27,0.0,1020,15,10,76,9
2010-03-15,18,3,0.0,11.6,4,4,0,06:40 AM,07:11 PM,07:03 AM,07:00 PM,-6,9,10,9,16,1,33,0.0,1024,18,10,63,10
2010-03-16,21,8,0.0,11.6,4,4,2,07:06 AM,08:08 PM,07:01 AM,07:00 PM,-3,13,14,13,18,0,32,0.0,1024,21,10,48,12
2010-03-17,23,8,0.0,11.6,4,4,9,07:34 AM,09:08 PM,07:00 AM,07:01 PM,-4,14,15,14,15,10,31,0.0,1018,23,10,124,9
2010-03-18,24,9,0.0,11.6,4,4,16,08:04 AM,10:09 PM,06:58 AM,07:02 PM,-3,14,15,14,18,1,33,0.0,1012,24,10,303,11
2010-03-19,24,5,0.0,11.6,4,4,24,08:38 AM,11:12 PM,06:57 AM,07:03 PM,-11,13,13,13,13,0,20,0.0,1016,24,10,242,7
2010-03-20,22,6,0.0,11.6,4,4,31,09:20 AM,No moonset,06:55 AM,07:04 PM,-7,13,13,13,16,15,26,0.0,1021,22,10,115,10
2010-03-21,23,6,0.0,7.6,3,3,38,10:07 AM,12:14 AM,06:54 AM,07:05 PM,-8,13,14,13,15,41,24,0.0,1020,23,10,150,9
2010-03-22,21,7,0.0,11.6,4,4,46,11:03 AM,01:15 AM,06:53 AM,07:05 PM,-8,12,13,12,23,15,24,0.0,1014,21,10,272,14
2010-03-23,19,6,0.0,11.6,4,4,53,12:06 PM,02:11 AM,06:51 AM,07:06 PM,-9,11,12,11,12,2,29,0.0,1016,19,10,111,8
2010-03-24,22,3,0.0,11.6,4,4,60,01:15 PM,03:02 AM,06:50 AM,07:07 PM,-11,11,12,11,17,14,22,0.0,1017,22,10,198,10
2010-03-25,17,6,0.0,11.6,3,3,67,02:26 PM,03:47 AM,06:48 AM,07:08 PM,-3,7,10,7,31,5,44,0.0,1016,17,10,269,22
2010-03-26,17,4,0.0,11.6,3,3,75,03:39 PM,04:25 AM,06:47 AM,07:09 PM,-4,7,9,7,22,1,45,0.0,1019,17,10,284,15
2010-03-27,17,6,0.0,11.6,4,4,82,04:50 PM,05:01 AM,06:46 AM,07:10 PM,-11,9,10,9,21,3,28,0.0,1023,17,10,109,14
2010-03-28,21,5,0.0,11.6,4,4,89,06:01 PM,05:34 AM,06:44 AM,07:10 PM,-14,12,12,12,13,6,16,0.0,1022,21,10,141,8
2010-03-29,25,8,0.0,11.6,5,5,96,07:12 PM,06:07 AM,06:43 AM,07:11 PM,-8,14,15,14,23,10,21,0.0,1014,25,10,273,15
2010-03-30,20,9,0.0,11.6,4,4,100,08:23 PM,06:40 AM,06:41 AM,07:12 PM,-0,11,13,11,30,9,43,0.0,1010,20,10,260,21
2010-03-31,10,2,0.0,11.6,3,3,100,09:33 PM,07:17 AM,06:40 AM,07:13 PM,-2,3,6,3,24,25,60,0.2,1010,10,10,264,18
2010-04-01,14,1,0.0,11.6,3,3,77,10:40 PM,07:56 AM,06:38 AM,07:14 PM,-9,5,7,5,19,10,37,0.0,1014,14,10,276,13
2010-04-02,17,2,0.0,11.6,3,3,70,11:43 PM,08:41 AM,06:37 AM,07:14 PM,-5,7,9,7,19,13,41,0.0,1017,17,10,257,13
2010-04-03,17,5,0.0,11.6,3,3,62,No moonrise,09:31 AM,06:36 AM,07:15 PM,-4,7,9,7,22,15,43,0.0,1013,17,10,271,16
2010-04-04,15,3,0.0,11.6,3,3,55,12:40 AM,10:24 AM,06:34 AM,07:16 PM,-3,6,8,6,24,9,49,0.0,1012,15,10,237,17
2010-04-05,8,3,0.0,10.3,3,3,47,01:30 AM,11:22 AM,06:33 AM,07:17 PM,1,2,6,2,29,44,72,2.8,1014,8,10,264,21
2010-04-06,17,1,0.0,11.6,3,3,40,02:13 AM,12:19 PM,06:32 AM,07:18 PM,-6,7,8,7,13,2,40,0.0,1022,17,10,179,8
2010-04-07,17,6,0.0,11.6,4,4,32,02:49 AM,01:17 PM,06:30 AM,07:18 PM,-9,9,11,9,18,2,25,0.0,1021,17,10,73,12
2010-04-08,25,6,0.0,11.6,4,4,24,03:22 AM,02:14 PM,06:29 AM,07:19 PM,-6,14,14,14,15,0,26,0.0,1014,25,10,281,9
2010-04-09,24,8,0.0,11.6,4,4,17,03:50 AM,03:10 PM,06:27 AM,07:20 PM,-3,14,15,14,20,0,32,0.0,1010,24,10,252,12
2010-04-10,19,6,0.0,11.6,4,4,9,04:16 AM,04:06 PM,06:26 AM,07:21 PM,0,10,12,10,18,17,53,0.0,1012,19,10,219,12
2010-04-11,16,4,0.0,10.3,3,3,2,04:42 AM,05:03 PM,06:25 AM,07:22 PM,0,7,9,7,18,34,60,0.0,1013,16,10,196,13
2010-04-12,10,4,0.0,11.6,3,3,0,05:08 AM,06:00 PM,06:23 AM,07:22 PM,2,4,7,4,20,38,72,2.5,1012,10,10,250,15
2010-04-13,18,2,0.0,11.6,3,3,0,05:36 AM,06:59 PM,06:22 AM,07:23 PM,-3,8,9,8,13,5,51,0.0,1014,18,10,245,8
2010-04-14,19,4,0.0,10.3,4,4,0,06:05 AM,08:00 PM,06:21 AM,07:24 PM,-3,11,11,11,13,17,39,0.0,1014,19,10,254,8
2010-04-15,22,6,0.0,7.8,3,3,5,06:39 AM,09:04 PM,06:20 AM,07:25 PM,-3,13,14,13,14,47,36,0.0,1015,22,10,213,9
2010-04-16,22,8,0.0,11.6,4,4,13,07:19 AM,10:07 PM,06:18 AM,07:26 PM,-0,13,14,13,20,2,43,0.0,1015,22,10,266,13
2010-04-17,26,7,0.0,11.6,5,5,21,08:05 AM,11:09 PM,06:17 AM,07:27 PM,-3,15,15,15,16,0,32,0.0,1013,26,10,226,10
2010-04-18,26,7,0.0,11.6,5,5,28,09:00 AM,No moonset,06:16 AM,07:27 PM,-3,16,16,16,14,16,33,0.0,1011,26,10,222,9
2010-04-19,24,12,0.0,11.6,5,5,36,10:01 AM,12:07 AM,06:14 AM,07:28 PM,3,16,17,16,19,11,42,0.0,1011,24,10,241,13
2010-04-20,17,5,0.0,10.3,3,3,43,11:07 AM,12:59 AM,06:13 AM,07:29 PM,4,8,10,8,27,30,70,1.4,1010,17,10,248,19
2010-04-21,8,2,0.0,10.3,1,1,51,12:16 PM,01:44 AM,06:12 AM,07:30 PM,-0,0,4,0,24,43,72,1.2,1007,8,10,261,19
2010-04-22,12,1,0.0,11.6,3,3,58,01:26 PM,02:24 AM,06:11 AM,07:31 PM,-1,5,6,5,9,37,64,0.0,1008,12,10,225,6
2010-04-23,20,3,0.0,11.6,4,4,66,02:35 PM,02:59 AM,06:10 AM,07:31 PM,1,11,11,11,16,4,51,0.0,1014,20,10,278,11
2010-04-24,25,6,0.0,11.6,5,5,73,03:44 PM,03:32 AM,06:09 AM,07:32 PM,1,15,15,15,14,0,45,0.0,1017,25,10,264,9
2010-04-25,27,8,0.0,11.6,5,5,81,04:52 PM,04:04 AM,06:07 AM,07:33 PM,-1,17,16,17,11,0,36,0.0,1016,27,10,251,7
2010-04-26,28,10,0.0,11.6,5,5,89,06:01 PM,04:36 AM,06:06 AM,07:34 PM,-3,18,18,18,17,1,27,0.0,1012,28,10,178,11
2010-04-27,23,12,0.0,11.6,5,5,96,07:11 PM,05:11 AM,06:05 AM,07:35 PM,1,15,16,15,27,14,39,0.0,1011,23,10,258,19
2010-04-28,17,6,0.0,11.6,4,4,100,08:19 PM,05:49 AM,06:04 AM,07:36 PM,2,9,11,9,33,21,58,0.0,1011,17,10,264,26
2010-04-29,11,3,0.0,11.6,3,3,89,09:25 PM,06:31 AM,06:03 AM,07:36 PM,-3,2,6,2,24,20,56,0.1,1013,11,10,295,19
2010-04-30,17,4,0.0,11.6,3,3,81,10:26 PM,07:19 AM,06:02 AM,07:37 PM,-3,8,10,8,19,5,49,0.0,1013,17,10,267,13
2010-05-01,21,4,0.0,11.6,4,4,78,11:20 PM,08:12 AM,06:01 AM,07:38 PM,-2,11,12,11,18,2,42,0.0,1011,21,10,279,12
2010-05-02,25,7,0.0,13.4,4,4,71,No moonrise,09:09 AM,06:00 AM,07:39 PM,-3,14,15,14,15,5,37,0.0,1014,25,10,234,10
2010-05-03,26,8,0.0,13.8,5,5,64,12:06 AM,10:08 AM,05:59 AM,07:40 PM,-8,17,17,17,20,0,19,0.0,1020,26,10,154,13
2010-05-04,28,11,0.0,13.8,5,5,57,12:46 AM,11:06 AM,05:58 AM,07:40 PM,-5,17,18,17,24,0,23,0.0,1016,28,10,278,15
2010-05-05,24,10,0.0,13.8,5,5,49,01:20 AM,12:04 PM,05:57 AM,07:41 PM,-5,15,16,15,31,2,24,0.0,1011,24,10,275,22
2010-05-06,26,8,0.0,13.9,5,5,42,01:50 AM,01:01 PM,05:56 AM,07:42 PM,-7,15,15,15,19,3,23,0.0,1013,26,10,290,14
2010-05-07,26,8,0.0,13.9,5,5,35,02:17 AM,01:57 PM,05:55 AM,07:43 PM,-11,16,16,16,18,5,17,0.0,1014,26,10,174,11
2010-05-08,24,11,0.0,13.9,5,5,27,02:43 AM,02:52 PM,05:54 AM,07:44 PM,-8,15,16,15,25,8,19,0.0,1012,24,10,274,17
2010-05-09,18,6,0.0,13.9,4,4,20,03:09 AM,03:49 PM,05:53 AM,07:44 PM,-2,10,12,10,29,7,40,0.0,1012,18,10,269,22
2010-05-10,19,4,0.0,13.9,4,4,13,03:36 AM,04:47 PM,05:52 AM,07:45 PM,0,9,11,9,28,15,52,0.0,1015,19,10,264,21
2010-05-11,15,3,0.0,14.0,3,3,6,04:05 AM,05:48 PM,05:51 AM,07:46 PM,-3,5,8,5,23,7,48,0.0,1016,15,10,282,18
2010-05-12,24,4,0.0,14.0,4,4,0,04:37 AM,06:50 PM,05:51 AM,07:47 PM,-5,13,14,13,14,6,36,0.0,1014,24,10,270,9
2010-05-13,24,9,0.0,14.0,5,5,0,05:15 AM,07:55 PM,05:50 AM,07:48 PM,-7,16,16,16,16,26,22,0.0,1012,24,10,170,10
2010-05-14,28,9,0.0,14.0,5,5,1,06:00 AM,08:59 PM,05:49 AM,07:48 PM,-3,18,18,18,14,2,26,0.0,1013,28,10,221,8
2010-05-15,29,10,0.0,14.0,5,5,9,06:52 AM,10:00 PM,05:48 AM,07:49 PM,-1,19,19,19,13,4,29,0.0,1013,29,10,205,8
2010-05-16,29,11,0.0,13.4,5,5,16,07:53 AM,10:55 PM,05:48 AM,07:50 PM,-0,20,19,20,16,14,31,0.0,1011,29,10,213,11
2010-05-17,17,9,0.0,13.4,4,4,23,08:59 AM,11:43 PM,05:47 AM,07:51 PM,5,11,13,11,21,43,61,0.4,1012,17,9,245,15
2010-05-18,21,7,0.0,14.1,4,4,31,10:08 AM,No moonset,05:46 AM,07:52 PM,4,12,14,12,24,13,56,0.0,1015,21,10,263,17
2010-05-19,27,9,0.0,14.1,5,5,38,11:18 AM,12:24 AM,05:45 AM,07:52 PM,2,17,17,17,17,1,39,0.0,1015,27,10,254,12
2010-05-20,26,11,0.0,14.1,5,5,45,12:27 PM,01:01 AM,05:45 AM,07:53 PM,-0,16,16,16,27,5,37,0.0,1012,26,10,279,20
2010-05-21,22,10,0.0,14.1,4,4,52,01:35 PM,01:34 AM,05:44 AM,07:54 PM,-5,13,14,13,32,0,27,0.0,1009,22,10,277,24
2010-05-22,16,5,0.0,14.1,3,3,60,02:41 PM,02:05 AM,05:44 AM,07:54 PM,-6,6,9,6,29,1,38,0.0,1010,16,10,275,22
2010-05-23,11,3,0.0,14.1,3,3,67,03:49 PM,02:36 AM,05:43 AM,07:55 PM,-4,3,6,3,25,22,49,0.0,1011,11,10,282,19
2010-05-24,19,4,0.0,14.1,4,4,74,04:56 PM,03:09 AM,05:42 AM,07:56 PM,-5,9,11,9,23,8,35,0.0,1015,19,10,270,15
2010-05-25,22,4,0.0,14.2,4,4,81,06:03 PM,03:45 AM,05:42 AM,07:57 PM,-3,14,14,14,16,11,35,0.0,1013,22,10,209,11
2010-05-26,21,8,0.0,14.2,4,4,89,07:09 PM,04:24 AM,05:41 AM,07:57 PM,3,13,14,13,24,18,50,0.0,1012,21,10,243,17
2010-05-27,19,8,0.0,14.2,4,4,96,08:12 PM,05:10 AM,05:41 AM,07:58 PM,3,12,13,12,22,16,55,0.0,1013,19,10,243,16
2010-05-28,19,7,0.0,14.2,4,4,100,09:09 PM,06:01 AM,05:41 AM,07:59 PM,-3,10,12,10,23,5,41,0.0,1015,19,10,284,17
2010-05-29,26,7,0.0,14.2,5,5,89,09:59 PM,06:56 AM,05:40 AM,07:59 PM,-7,15,16,15,16,0,25,0.0,1015,26,10,194,10
2010-05-30,31,10,0.0,14.5,6,6,82,10:41 PM,07:55 AM,05:40 AM,08:00 PM,-6,20,20,20,17,0,20,0.0,1012,31,10,176,10
2010-05-31,30,12,0.0,14.5,6,6,78,11:18 PM,08:54 AM,05:39 AM,08:00 PM,-5,21,21,21,19,6,18,0.0,1012,30,10,262,13
2010-06-01,27,14,0.0,14.5,5,5,63,11:50 PM,09:53 AM,05:39 AM,08:01 PM,5,19,20,19,24,12,40,0.0,1012,27,10,264,18
2010-06-02,34,13,0.0,14.5,6,6,55,No moonrise,10:50 AM,05:39 AM,08:02 PM,4,21,21,22,17,10,35,0.0,1012,34,10,243,12
2010-06-03,29,14,0.0,14.5,6,6,48,12:18 AM,11:46 AM,05:39 AM,08:02 PM,6,22,21,22,26,12,37,0.7,1011,29,10,281,18
2010-06-04,33,16,0.0,14.5,6,6,40,12:44 AM,12:42 PM,05:38 AM,08:03 PM,7,23,23,23,25,1,38,0.0,1011,33,10,282,19
2010-06-05,39,16,0.0,14.5,7,7,32,01:10 AM,01:38 PM,05:38 AM,08:03 PM,7,26,26,26,18,0,33,0.0,1012,39,10,286,12
2010-06-06,36,17,0.0,14.5,7,7,25,01:36 AM,02:34 PM,05:38 AM,08:04 PM,6,26,26,26,21,1,31,0.0,1013,36,10,277,14
2010-06-07,33,18,0.0,14.5,6,6,17,02:04 AM,03:33 PM,05:38 AM,08:04 PM,5,24,24,25,26,1,31,0.0,1011,33,10,266,19
2010-06-08,32,17,0.0,14.5,6,6,10,02:34 AM,04:34 PM,05:38 AM,08:05 PM,3,23,23,24,26,2,26,0.0,1011,32,10,264,18
2010-06-09,29,16,0.0,14.5,6,6,2,03:09 AM,05:38 PM,05:37 AM,08:05 PM,2,21,21,21,33,5,29,0.0,1012,29,10,276,24
2010-06-10,24,13,0.0,13.4,5,5,0,03:51 AM,06:43 PM,05:37 AM,08:06 PM,-1,16,17,16,34,12,31,0.0,1010,24,10,274,26
2010-06-11,25,10,0.0,14.5,5,5,0,04:40 AM,07:47 PM,05:37 AM,08:06 PM,-1,16,17,16,22,12,33,0.0,1010,25,10,293,16
2010-06-12,29,12,0.0,14.5,5,5,0,05:39 AM,08:45 PM,05:37 AM,08:07 PM,-0,20,19,20,15,5,28,0.0,1012,29,10,248,9
2010-06-13,33,13,0.0,14.5,6,6,5,06:44 AM,09:38 PM,05:37 AM,08:07 PM,0,21,21,22,14,5,26,0.0,1016,33,10,260,8
2010-06-14,34,14,0.0,14.5,6,6,13,07:55 AM,10:22 PM,05:37 AM,08:07 PM,-1,24,24,24,18,2,21,0.0,1013,34,10,263,11
2010-06-15,32,17,0.0,14.5,6,6,20,09:07 AM,11:01 PM,05:37 AM,08:08 PM,-2,23,23,24,25,7,20,0.0,1009,32,10,254,16
2010-06-16,27,13,0.0,14.5,5,5,28,10:17 AM,11:36 PM,05:37 AM,08:08 PM,-8,19,19,19,29,0,18,0.0,1010,27,10,271,20
2010-06-17,33,11,0.0,14.5,6,6,35,11:27 AM,No moonset,05:38 AM,08:08 PM,-15,21,21,21,18,0,8,0.0,1012,33,10,243,11
2010-06-18,29,14,0.0,14.5,6,6,43,12:34 PM,12:08 AM,05:38 AM,08:09 PM,-7,21,20,21,24,0,16,0.0,1011,29,10,260,16
2010-06-19,28,12,0.0,14.5,5,5,50,01:41 PM,12:39 AM,05:38 AM,08:09 PM,-2,19,19,19,25,0,25,0.0,1014,28,10,266,17
2010-06-20,28,11,0.0,14.5,5,5,58,02:47 PM,01:11 AM,05:38 AM,08:09 PM,-3,19,19,19,25,0,24,0.0,1013,28,10,260,17
2010-06-21,28,12,0.0,14.5,5,5,65,03:54 PM,01:45 AM,05:38 AM,08:09 PM,-2,19,19,19,23,0,24,0.0,1012,28,10,262,15
2010-06-22,35,13,0.0,14.5,6,6,73,04:59 PM,02:22 AM,05:39 AM,08:10 PM,-2,23,23,23,15,6,22,0.0,1014,35,10,223,9
2010-06-23,34,16,0.0,14.5,6,6,80,06:02 PM,03:05 AM,05:39 AM,08:10 PM,-4,24,24,25,17,4,17,0.0,1013,34,10,242,10
2010-06-24,33,16,0.0,14.5,6,6,88,07:00 PM,03:54 AM,05:39 AM,08:10 PM,-0,23,23,24,23,6,22,0.0,1012,33,10,263,15
2010-06-25,31,16,0.0,14.5,6,6,96,07:52 PM,04:47 AM,05:39 AM,08:10 PM,3,22,22,23,24,6,29,0.0,1011,31,10,259,17
2010-06-26,36,15,0.0,14.5,6,6,100,08:37 PM,05:44 AM,05:40 AM,08:10 PM,5,24,24,24,17,0,33,0.0,1011,36,10,279,11
2010-06-27,38,16,0.0,14.5,7,7,89,09:16 PM,06:43 AM,05:40 AM,08:10 PM,3,26,26,27,15,0,26,0.0,1008,38,10,173,9
2010-06-28,39,18,0.0,14.5,7,7,82,09:50 PM,07:42 AM,05:40 AM,08:10 PM,4,28,28,28,15,0,26,0.0,1007,39,10,229,9
2010-06-29,37,17,0.0,14.5,7,7,74,10:19 PM,08:40 AM,05:41 AM,08:10 PM,4,26,26,26,16,0,28,0.0,1009,37,10,233,10
2010-06-30,34,17,0.0,14.5,7,7,67,10:46 PM,09:37 AM,05:41 AM,08:10 PM,1,24,24,25,23,0,24,0.0,1009,34,10,273,14
2010-07-01,34,15,0.0,14.5,6,6,64,11:12 PM,10:32 AM,05:42 AM,08:10 PM,-5,23,23,24,23,0,16,0.0,1009,34,10,261,14
2010-07-02,32,15,0.0,14.5,6,6,57,11:38 PM,11:28 AM,05:42 AM,08:10 PM,-4,22,22,23,27,0,18,0.0,1006,32,10,266,18
2010-07-03,32,15,0.0,14.5,6,6,50,No moonrise,12:23 PM,05:42 AM,08:10 PM,-1,22,22,23,25,0,23,0.0,1007,32,10,265,16
2010-07-04,35,14,0.0,14.5,6,6,42,12:04 AM,01:21 PM,05:43 AM,08:10 PM,-3,24,24,24,17,0,19,0.0,1011,35,10,211,10
2010-07-05,35,16,0.0,14.5,6,6,35,12:32 AM,02:19 PM,05:43 AM,08:10 PM,1,24,24,25,16,0,24,0.0,1011,35,10,231,10
2010-07-06,33,16,0.0,14.5,6,6,28,01:05 AM,03:21 PM,05:44 AM,08:09 PM,4,23,23,24,18,0,31,0.0,1009,33,10,252,12
2010-07-07,35,15,0.0,14.5,6,6,21,01:43 AM,04:24 PM,05:45 AM,08:09 PM,3,24,24,25,17,0,29,0.0,1009,35,10,231,10
2010-07-08,36,16,0.0,14.5,7,7,13,02:27 AM,05:28 PM,05:45 AM,08:09 PM,1,25,25,26,15,0,24,0.0,1011,36,10,231,9
2010-07-09,37,16,0.0,14.5,7,7,6,03:21 AM,06:29 PM,05:46 AM,08:09 PM,1,26,26,27,17,0,22,0.0,1011,37,10,248,10
2010-07-10,37,20,0.0,14.5,7,7,0,04:24 AM,07:25 PM,05:46 AM,08:08 PM,3,27,27,28,18,4,22,0.0,1011,37,10,278,12
2010-07-11,36,20,0.0,14.5,7,7,0,05:34 AM,08:14 PM,05:47 AM,08:08 PM,5,27,27,27,19,4,25,0.0,1011,36,10,260,13
2010-07-12,35,19,0.0,14.5,7,7,1,06:46 AM,08:57 PM,05:47 AM,08:08 PM,6,26,26,26,20,4,30,0.0,1011,35,10,266,14
2010-07-13,34,19,0.0,14.5,7,7,8,08:00 AM,09:35 PM,05:48 AM,08:07 PM,4,25,25,26,23,1,26,0.0,1011,34,10,272,15
2010-07-14,38,19,0.0,14.5,7,7,16,09:13 AM,10:09 PM,05:49 AM,08:07 PM,4,27,27,28,22,0,23,0.0,1011,38,10,272,13
2010-07-15,44,21,0.0,14.5,8,8,23,10:23 AM,10:41 PM,05:49 AM,08:06 PM,3,31,31,31,14,3,17,0.0,1012,44,10,255,8
2010-07-16,39,25,0.0,14.5,8,8,30,11:32 AM,11:13 PM,05:50 AM,08:06 PM,6,29,29,31,22,11,23,0.0,1012,39,10,262,14
2010-07-17,40,22,0.0,14.5,7,7,37,12:39 PM,11:47 PM,05:51 AM,08:05 PM,5,29,29,30,19,1,22,0.0,1013,40,10,276,12
2010-07-18,39,22,0.0,14.5,7,7,45,01:47 PM,No moonset,05:51 AM,08:05 PM,2,29,29,30,20,1,19,0.0,1011,39,10,265,13
2010-07-19,38,21,0.0,14.5,7,7,52,02:52 PM,12:23 AM,05:52 AM,08:04 PM,-2,28,28,29,24,4,14,0.0,1010,38,10,261,15
2010-07-20,37,20,0.0,14.5,7,7,59,03:56 PM,01:05 AM,05:53 AM,08:04 PM,-2,27,27,28,22,0,16,0.0,1009,37,10,254,14
2010-07-21,34,18,0.0,14.5,7,7,66,04:55 PM,01:51 AM,05:53 AM,08:03 PM,-2,24,24,25,22,0,19,0.0,1009,34,10,252,14
2010-07-22,36,16,0.0,14.5,7,7,74,05:48 PM,02:41 AM,05:54 AM,08:03 PM,-1,25,25,26,21,0,20,0.0,1010,36,10,253,13
2010-07-23,37,20,0.0,14.5,7,7,81,06:35 PM,03:37 AM,05:55 AM,08:02 PM,2,26,26,27,21,0,22,0.0,1011,37,10,255,13
2010-07-24,38,20,0.0,14.5,7,7,88,07:16 PM,04:35 AM,05:55 AM,08:01 PM,1,27,27,28,21,0,18,0.0,1011,38,10,263,13
2010-07-25,32,21,0.0,14.5,7,7,96,07:51 PM,05:34 AM,05:56 AM,08:01 PM,4,25,25,26,20,15,24,0.0,1010,32,10,264,13
2010-07-26,34,21,0.0,14.4,7,7,100,08:21 PM,06:32 AM,05:57 AM,08:00 PM,3,26,26,26,20,0,25,0.0,1009,34,10,252,14
2010-07-27,34,16,0.0,14.0,6,6,90,08:49 PM,07:29 AM,05:57 AM,07:59 PM,-0,24,24,25,21,1,21,0.0,1010,34,10,252,13
2010-07-28,35,18,0.0,14.0,7,7,83,09:16 PM,08:25 AM,05:58 AM,07:58 PM,-0,25,25,26,20,1,20,0.0,1013,35,10,253,12
2010-07-29,36,18,0.0,14.0,7,7,75,09:41 PM,09:20 AM,05:59 AM,07:58 PM,-1,25,25,26,22,1,18,0.0,1014,36,10,260,13
2010-07-30,37,20,0.0,13.6,7,7,68,10:07 PM,10:15 AM,06:00 AM,07:57 PM,1,26,26,27,23,4,20,0.0,1012,37,10,252,14
2010-07-31,36,19,0.0,13.6,7,7,64,10:34 PM,11:11 AM,06:00 AM,07:56 PM,-0,25,25,26,25,0,19,0.0,1011,36,10,252,15
2010-08-01,35,16,0.0,11.6,6,6,54,11:04 PM,12:08 PM,06:01 AM,07:55 PM,-2,24,24,25,25,5,19,0.0,1012,35,10,253,15
2010-08-02,36,16,0.0,11.6,7,7,46,11:39 PM,01:08 PM,06:02 AM,07:54 PM,-5,24,24,25,21,11,14,0.0,1013,36,10,254,12
2010-08-03,36,18,0.0,11.6,7,7,39,No moonrise,02:09 PM,06:03 AM,07:53 PM,-9,25,25,26,22,20,10,0.0,1013,36,10,253,12
2010-08-04,36,18,0.0,11.6,7,7,32,12:19 AM,03:11 PM,06:03 AM,07:52 PM,-7,25,25,26,23,2,11,0.0,1012,36,10,256,14
2010-08-05,36,18,0.0,11.6,7,7,24,01:07 AM,04:12 PM,06:04 AM,07:51 PM,-6,25,25,26,21,0,13,0.0,1009,36,10,256,12
2010-08-06,35,16,0.0,11.6,6,6,17,02:04 AM,05:10 PM,06:05 AM,07:50 PM,-4,24,24,25,21,0,17,0.0,1009,35,10,250,13
2010-08-07,33,16,0.0,11.6,6,6,10,03:10 AM,06:02 PM,06:06 AM,07:49 PM,-2,22,22,23,20,0,21,0.0,1009,33,10,244,11
2010-08-08,31,14,0.0,11.6,6,6,3,04:21 AM,06:48 PM,06:06 AM,07:48 PM,2,22,22,22,17,0,29,0.0,1011,31,10,225,10
2010-08-09,33,14,0.0,11.6,6,6,0,05:35 AM,07:29 PM,06:07 AM,07:47 PM,-1,22,22,23,17,0,25,0.0,1011,33,10,225,10
2010-08-10,32,15,0.0,11.6,6,6,0,06:49 AM,08:05 PM,06:08 AM,07:46 PM,-3,22,22,23,22,0,22,0.0,1011,32,10,242,13
2010-08-11,32,15,0.0,11.6,6,6,4,08:02 AM,08:39 PM,06:09 AM,07:45 PM,-0,21,21,22,26,0,26,0.0,1012,32,10,253,16
2010-08-12,33,14,0.0,11.6,6,6,12,09:14 AM,09:13 PM,06:09 AM,07:44 PM,-3,22,22,23,22,0,20,0.0,1010,33,10,270,13
2010-08-13,35,16,0.0,11.6,6,6,19,10:25 AM,09:47 PM,06:10 AM,07:43 PM,-2,23,23,24,23,0,19,0.0,1009,35,10,256,13
2010-08-14,35,15,0.0,11.6,6,6,26,11:35 AM,10:23 PM,06:11 AM,07:42 PM,-0,23,23,24,20,0,22,0.0,1010,35,10,261,11
2010-08-15,36,16,0.0,11.6,7,7,33,12:42 PM,11:04 PM,06:12 AM,07:41 PM,-4,24,24,25,18,0,17,0.0,1011,36,10,272,10
2010-08-16,38,16,0.0,11.6,7,7,41,01:48 PM,11:49 PM,06:12 AM,07:39 PM,-6,26,26,27,19,0,12,0.0,1011,38,10,234,11
2010-08-17,39,21,0.0,11.6,7,7,48,02:49 PM,No moonset,06:13 AM,07:38 PM,-3,28,28,29,21,4,13,0.0,1011,39,10,251,12
2010-08-18,35,22,0.0,11.6,7,7,55,03:45 PM,12:38 AM,06:14 AM,07:37 PM,4,26,26,27,24,6,22,0.8,1012,35,10,254,14
2010-08-19,36,20,0.0,11.6,7,7,63,04:33 PM,01:33 AM,06:15 AM,07:36 PM,2,26,26,26,24,1,23,0.0,1010,36,10,268,14
2010-08-20,37,18,0.0,11.6,7,7,70,05:16 PM,02:29 AM,06:15 AM,07:35 PM,-6,25,25,26,23,0,13,0.0,1008,37,10,260,14
2010-08-21,36,19,0.0,11.6,7,7,77,05:52 PM,03:28 AM,06:16 AM,07:33 PM,-2,25,25,26,22,1,16,0.0,1010,36,10,261,14
2010-08-22,34,17,0.0,11.6,6,6,84,06:24 PM,04:25 AM,06:17 AM,07:32 PM,-1,23,23,24,22,0,21,0.0,1012,34,10,271,14
2010-08-23,35,14,0.0,11.6,6,6,92,06:53 PM,05:23 AM,06:18 AM,07:31 PM,-9,23,23,24,15,0,11,0.0,1013,35,10,187,10
2010-08-24,38,18,0.0,11.6,7,7,99,07:20 PM,06:19 AM,06:18 AM,07:30 PM,-4,27,27,28,15,0,13,0.0,1012,38,10,195,9
2010-08-25,39,20,0.0,11.6,8,8,100,07:46 PM,07:14 AM,06:19 AM,07:28 PM,3,29,29,30,16,1,18,0.0,1012,39,10,189,10
2010-08-26,39,24,0.0,11.6,7,7,87,08:11 PM,08:09 AM,06:20 AM,07:27 PM,4,29,29,30,20,7,20,0.2,1011,39,10,257,12
2010-08-27,36,21,0.0,11.6,7,7,79,08:38 PM,09:05 AM,06:21 AM,07:26 PM,-3,26,26,27,26,0,15,0.0,1008,36,10,250,16
2010-08-28,28,15,0.0,11.6,6,6,72,09:07 PM,10:01 AM,06:21 AM,07:24 PM,-4,20,20,20,27,0,22,0.0,1006,28,10,255,18
2010-08-29,24,11,0.0,11.6,5,5,65,09:39 PM,10:59 AM,06:22 AM,07:23 PM,0,16,17,16,31,1,35,0.0,1007,24,10,263,20
2010-08-30,27,10,0.0,11.6,5,5,57,10:16 PM,11:59 AM,06:23 AM,07:22 PM,-2,17,17,17,23,0,31,0.0,1011,27,10,265,14
2010-08-31,30,11,0.0,11.6,6,6,54,11:01 PM,12:59 PM,06:24 AM,07:20 PM,-3,20,19,20,17,0,24,0.0,1013,30,10,218,9
2010-09-01,34,15,0.0,11.6,6,6,37,11:52 PM,01:59 PM,06:24 AM,07:19 PM,-3,23,23,24,16,0,20,0.0,1012,34,10,215,9
2010-09-02,37,17,0.0,11.6,7,7,29,No moonrise,02:57 PM,06:25 AM,07:17 PM,-6,25,25,26,17,0,14,0.0,1012,37,10,226,9
2010-09-03,41,19,0.0,11.6,7,7,22,12:52 AM,03:50 PM,06:26 AM,07:16 PM,-5,27,27,28,18,0,13,0.0,1013,41,10,281,10
2010-09-04,37,19,0.0,11.6,7,7,14,01:58 AM,04:37 PM,06:27 AM,07:15 PM,-6,25,25,26,24,0,13,0.0,1012,37,10,270,14
2010-09-05,34,16,0.0,11.6,6,6,7,03:09 AM,05:20 PM,06:27 AM,07:13 PM,-9,23,23,23,27,0,12,0.0,1008,34,10,269,16
2010-09-06,34,15,0.0,11.6,6,6,0,04:22 AM,05:58 PM,06:28 AM,07:12 PM,-6,23,23,23,16,0,15,0.0,1008,34,10,229,10
2010-09-07,33,17,0.0,11.6,6,6,0,05:36 AM,06:33 PM,06:29 AM,07:10 PM,-1,23,23,24,19,1,23,0.0,1009,33,10,250,11
2010-09-08,27,13,0.0,11.6,5,5,0,06:49 AM,07:08 PM,06:29 AM,07:09 PM,4,18,18,18,24,3,41,0.0,1009,27,10,253,16
2010-09-09,25,9,0.0,11.6,5,5,1,08:01 AM,07:43 PM,06:30 AM,07:07 PM,-2,15,16,15,24,0,36,0.0,1012,25,10,271,15
2010-09-10,28,10,0.0,11.6,5,5,8,09:14 AM,08:19 PM,06:31 AM,07:06 PM,-3,18,17,18,14,0,27,0.0,1014,28,10,208,8
2010-09-11,32,9,0.0,11.6,6,6,16,10:25 AM,08:59 PM,06:32 AM,07:05 PM,-4,20,19,20,14,0,24,0.0,1015,32,10,199,9
2010-09-12,33,13,0.0,11.6,6,6,23,11:34 AM,09:44 PM,06:32 AM,07:03 PM,-2,22,21,22,15,0,22,0.0,1014,33,10,232,9
2010-09-13,32,14,0.0,11.6,6,6,31,12:39 PM,10:33 PM,06:33 AM,07:02 PM,-1,21,21,22,18,0,22,0.0,1013,32,10,244,11
2010-09-14,31,15,0.0,11.6,6,6,38,01:38 PM,11:27 PM,06:34 AM,07:00 PM,-6,22,21,22,21,2,16,0.0,1013,31,10,257,12
2010-09-15,31,14,0.0,11.6,6,6,46,02:30 PM,No moonset,06:35 AM,06:59 PM,-10,21,20,21,22,3,12,0.0,1014,31,10,260,13
2010-09-16,35,14,0.0,11.6,6,6,53,03:15 PM,12:23 AM,06:35 AM,06:57 PM,-6,22,22,22,18,0,17,0.0,1012,35,10,238,10
2010-09-17,33,15,0.0,11.6,6,6,61,03:53 PM,01:22 AM,06:36 AM,06:56 PM,-3,21,21,22,20,0,21,0.0,1011,33,10,264,11
2010-09-18,33,14,0.0,11.6,6,6,68,04:26 PM,02:19 AM,06:37 AM,06:54 PM,-3,21,21,21,21,0,22,0.0,1012,33,10,276,12
2010-09-19,32,13,0.0,11.6,6,6,76,04:56 PM,03:17 AM,06:38 AM,06:53 PM,-2,20,20,20,25,0,26,0.0,1010,32,10,278,14
2010-09-20,30,12,0.0,11.6,5,5,84,05:24 PM,04:13 AM,06:38 AM,06:51 PM,-1,19,19,19,23,0,29,0.0,1008,30,10,275,13
2010-09-21,30,12,0.0,11.6,5,5,91,05:50 PM,05:09 AM,06:39 AM,06:50 PM,1,19,19,19,24,0,34,0.0,1005,30,10,260,14
2010-09-22,23,11,0.0,11.6,5,5,99,06:15 PM,06:04 AM,06:40 AM,06:49 PM,1,14,15,14,30,0,42,0.0,1007,23,10,269,19
2010-09-23,30,10,0.0,11.6,5,5,100,06:42 PM,06:59 AM,06:41 AM,06:47 PM,-2,19,18,19,13,0,29,0.0,1013,30,10,215,8
2010-09-24,32,12,0.0,11.6,6,6,86,07:11 PM,07:56 AM,06:41 AM,06:46 PM,-5,21,21,21,16,0,20,0.0,1016,32,10,163,10
2010-09-25,35,15,0.0,11.6,6,6,79,07:42 PM,08:54 AM,06:42 AM,06:44 PM,-9,22,22,23,15,0,12,0.0,1015,35,10,81,9
2010-09-26,36,17,0.0,11.6,7,7,71,08:18 PM,09:53 AM,06:43 AM,06:43 PM,-7,24,24,25,15,0,13,0.0,1013,36,10,200,9
2010-09-27,37,18,0.0,11.6,7,7,64,09:00 PM,10:52 AM,06:44 AM,06:41 PM,-5,26,26,26,13,0,13,0.0,1011,37,10,238,8
2010-09-28,38,20,0.0,10.2,7,7,56,09:48 PM,11:52 AM,06:44 AM,06:40 PM,-6,27,27,28,15,29,11,0.0,1011,38,10,251,8
2010-09-29,36,18,0.0,11.6,7,7,48,10:43 PM,12:49 PM,06:45 AM,06:38 PM,-2,26,26,27,16,7,16,0.0,1009,36,10,198,9
2010-09-30,33,20,0.0,11.6,7,7,41,11:45 PM,01:42 PM,06:46 AM,06:37 PM,2,25,25,25,13,20,23,0.3,1010,33,10,209,8
2010-10-01,32,18,0.0,11.6,6,6,39,No moonrise,02:30 PM,06:47 AM,06:36 PM,6,24,24,24,11,11,34,0.4,1014,32,10,219,7
2010-10-02,31,18,0.0,11.6,5,5,32,12:52 AM,03:13 PM,06:47 AM,06:34 PM,10,22,22,22,13,15,48,1.7,1015,31,10,241,8
2010-10-03,28,15,0.0,11.6,6,6,25,02:01 AM,03:52 PM,06:48 AM,06:33 PM,9,20,20,20,15,7,52,0.5,1014,28,10,241,9
2010-10-04,21,11,0.0,11.6,5,5,18,03:12 AM,04:27 PM,06:49 AM,06:31 PM,10,15,16,15,23,18,68,2.6,1012,21,10,246,15
2010-10-05,18,9,0.0,11.6,4,4,10,04:23 AM,05:01 PM,06:50 AM,06:30 PM,5,12,13,12,14,12,64,0.0,1014,18,10,227,9
2010-10-06,15,9,0.0,11.6,3,3,3,05:35 AM,05:36 PM,06:51 AM,06:29 PM,6,11,11,11,11,36,73,1.0,1017,15,9,189,7
2010-10-07,19,9,0.0,11.6,4,4,0,06:47 AM,06:11 PM,06:51 AM,06:27 PM,6,12,13,12,18,14,69,0.0,1019,19,10,259,11
2010-10-08,24,9,0.0,11.6,5,5,0,08:00 AM,06:51 PM,06:52 AM,06:26 PM,5,15,16,15,13,1,54,0.0,1020,24,10,248,8
2010-10-09,27,12,0.0,11.6,5,5,4,09:12 AM,07:35 PM,06:53 AM,06:24 PM,3,18,18,18,15,0,42,0.0,1021,27,10,222,8
2010-10-10,29,13,0.0,11.6,5,5,11,10:20 AM,08:23 PM,06:54 AM,06:23 PM,2,20,19,20,12,2,34,0.0,1017,29,10,262,7
2010-10-11,30,14,0.0,11.6,6,6,18,11:24 AM,09:17 PM,06:55 AM,06:22 PM,4,21,21,21,13,0,34,0.0,1014,30,10,219,7
2010-10-12,29,16,0.0,11.6,6,6,26,12:20 PM,10:14 PM,06:56 AM,06:20 PM,5,22,22,22,16,3,36,0.0,1017,29,10,74,9
2010-10-13,29,16,0.0,11.6,6,6,33,01:09 PM,11:13 PM,06:56 AM,06:19 PM,-3,21,20,21,16,0,24,0.0,1019,29,10,42,10
2010-10-14,31,15,0.0,11.6,6,6,40,01:51 PM,No moonset,06:57 AM,06:18 PM,-4,21,21,22,13,8,17,0.0,1019,31,10,157,7
2010-10-15,32,18,0.0,11.6,6,6,48,02:26 PM,12:12 AM,06:58 AM,06:17 PM,-2,22,22,23,14,14,20,0.0,1016,32,10,238,8
2010-10-16,30,15,0.0,11.6,6,6,55,02:58 PM,01:10 AM,06:59 AM,06:15 PM,3,21,20,21,14,2,34,0.0,1016,30,10,251,8
2010-10-17,24,12,0.0,11.1,5,5,62,03:26 PM,02:06 AM,07:00 AM,06:14 PM,6,17,17,17,19,8,51,0.6,1015,24,10,259,12
2010-10-18,20,9,0.0,11.1,4,4,69,03:52 PM,03:02 AM,07:01 AM,06:13 PM,5,14,14,14,15,19,56,0.0,1015,20,10,142,9
2010-10-19,22,12,0.0,11.1,5,5,77,04:18 PM,03:57 AM,07:02 AM,06:12 PM,6,16,16,16,19,18,52,1.5,1013,22,10,32,11
2010-10-20,21,13,0.0,11.1,5,5,84,04:45 PM,04:52 AM,07:02 AM,06:10 PM,7,15,16,15,16,21,57,0.6,1015,21,10,107,9
2010-10-21,21,10,0.0,11.1,4,4,91,05:13 PM,05:49 AM,07:03 AM,06:09 PM,8,14,14,14,19,15,66,0.0,1016,21,10,257,12
2010-10-22,20,10,0.0,11.0,4,4,98,05:44 PM,06:46 AM,07:04 AM,06:08 PM,5,12,13,12,26,6,61,0.0,1015,20,10,258,16
2010-10-23,20,9,0.0,11.0,4,4,100,06:19 PM,07:46 AM,07:05 AM,06:07 PM,4,12,13,12,24,13,58,0.0,1017,20,10,259,15
2010-10-24,22,10,0.0,11.0,4,4,87,06:59 PM,08:46 AM,07:06 AM,06:06 PM,7,14,15,14,27,16,64,0.0,1016,22,10,259,18
2010-10-25,17,7,0.0,11.0,4,4,80,07:46 PM,09:46 AM,07:07 AM,06:05 PM,4,11,12,11,28,16,61,0.0,1012,17,10,267,20
2010-10-26,17,5,0.0,11.0,3,3,72,08:39 PM,10:44 AM,07:08 AM,06:04 PM,-1,7,9,7,21,0,56,0.0,1014,17,10,283,14
2010-10-27,16,5,0.0,10.9,3,3,65,09:39 PM,11:38 AM,07:09 AM,06:03 PM,-7,9,10,9,17,10,34,0.0,1020,16,10,80,11
2010-10-28,17,7,0.0,10.9,3,3,58,10:43 PM,12:27 PM,07:10 AM,06:01 PM,-10,9,10,9,13,14,24,0.0,1020,17,10,32,6
2010-10-29,22,6,0.0,10.9,4,4,51,11:50 PM,01:11 PM,07:11 AM,06:00 PM,-4,12,13,12,8,6,34,0.0,1015,22,10,123,5
2010-10-30,17,8,0.0,8.7,4,4,43,No moonrise,01:50 PM,07:12 AM,05:59 PM,3,9,11,9,22,15,60,0.6,1016,17,10,252,14
2010-10-31,20,5,0.0,8.7,4,4,39,12:58 AM,02:25 PM,07:12 AM,05:58 PM,-1,10,11,10,13,11,45,0.0,1021,20,10,254,6
2010-11-01,23,7,0.0,8.7,4,4,22,02:07 AM,02:58 PM,07:13 AM,05:57 PM,-2,13,14,13,12,0,38,0.0,1025,23,10,171,7
2010-11-02,25,8,0.0,8.7,5,5,15,03:16 AM,03:31 PM,07:14 AM,05:57 PM,-3,16,16,16,13,0,30,0.0,1023,25,10,61,8
2010-11-03,27,10,0.0,8.7,5,5,7,04:25 AM,04:05 PM,07:15 AM,05:56 PM,-0,18,17,18,15,0,31,0.0,1020,27,10,56,9
2010-11-04,28,14,0.0,8.7,5,5,0,05:36 AM,04:42 PM,07:16 AM,05:55 PM,-0,19,19,19,15,15,30,0.0,1017,28,10,58,9
2010-11-05,25,11,0.0,8.7,5,5,0,06:47 AM,05:24 PM,07:17 AM,05:54 PM,-2,17,16,17,9,8,31,0.0,1015,25,10,132,5
2010-11-06,21,10,0.0,8.7,4,4,0,07:58 AM,06:10 PM,07:18 AM,05:53 PM,2,14,14,14,16,16,47,0.8,1016,21,10,200,10
2010-11-07,20,8,0.0,8.7,4,4,0,09:05 AM,07:02 PM,07:19 AM,05:52 PM,6,12,13,12,21,17,66,0.0,1018,20,10,256,13
2010-11-08,12,3,0.0,8.7,3,3,8,10:06 AM,07:59 PM,07:20 AM,05:51 PM,2,6,8,6,23,10,66,0.4,1015,12,10,266,17
2010-11-09,15,2,0.0,8.7,3,3,15,10:59 AM,08:59 PM,07:21 AM,05:50 PM,-1,5,7,5,16,0,61,0.0,1018,15,10,234,8
2010-11-10,9,3,0.0,8.7,2,2,23,11:45 AM,10:00 PM,07:22 AM,05:50 PM,-2,2,5,2,28,4,61,0.0,1016,9,10,275,16
2010-11-11,14,3,0.0,8.7,3,3,30,12:23 PM,10:59 PM,07:23 AM,05:49 PM,-7,6,7,6,15,2,42,0.0,1025,14,10,112,9
2010-11-12,17,1,0.0,8.7,3,3,38,12:57 PM,11:57 PM,07:24 AM,05:48 PM,-9,7,7,7,7,1,34,0.0,1028,17,10,145,4
2010-11-13,18,4,0.0,8.7,3,3,45,01:27 PM,No moonset,07:25 AM,05:48 PM,-7,8,9,8,12,6,34,0.0,1023,18,10,74,7
2010-11-14,20,4,0.0,8.7,4,4,53,01:54 PM,12:53 AM,07:26 AM,05:47 PM,-4,10,10,10,10,8,40,0.0,1019,20,10,130,6
2010-11-15,22,7,0.0,8.7,4,4,60,02:20 PM,01:48 AM,07:27 AM,05:46 PM,1,12,12,12,10,1,48,0.0,1017,22,10,251,6
2010-11-16,22,7,0.0,8.7,4,4,68,02:46 PM,02:43 AM,07:28 AM,05:46 PM,-0,12,13,12,17,0,44,0.0,1016,22,10,281,9
2010-11-17,20,6,0.0,8.7,4,4,76,03:14 PM,03:39 AM,07:29 AM,05:45 PM,-3,11,11,11,12,0,45,0.0,1019,20,10,93,7
2010-11-18,22,4,0.0,8.7,4,4,83,03:43 PM,04:36 AM,07:30 AM,05:45 PM,-3,11,12,11,16,11,39,0.0,1018,22,10,236,8
2010-11-19,18,8,0.0,7.1,3,3,91,04:17 PM,05:35 AM,07:31 AM,05:44 PM,1,10,11,10,21,46,50,0.0,1013,18,10,238,13
2010-11-20,12,5,0.0,7.1,3,3,98,04:56 PM,06:35 AM,07:32 AM,05:44 PM,5,6,9,6,25,36,76,0.5,1010,12,10,239,18
2010-11-21,8,1,0.0,8.7,2,2,100,05:41 PM,07:36 AM,07:33 AM,05:43 PM,-0,1,5,1,30,18,71,3.4,1015,8,10,253,20
2010-11-22,9,-1,0.0,8.7,2,2,87,06:33 PM,08:36 AM,07:34 AM,05:43 PM,-4,-1,3,-1,26,2,62,0.0,1021,9,10,267,15
2010-11-23,11,-1,0.0,8.7,2,2,79,07:33 PM,09:33 AM,07:35 AM,05:42 PM,-2,1,5,1,33,19,65,0.0,1016,11,10,260,20
2010-11-24,9,-2,0.0,8.7,2,2,72,08:36 PM,10:24 AM,07:36 AM,05:42 PM,-4,-0,3,-0,18,7,67,0.0,1016,9,10,298,11
2010-11-25,7,-3,0.0,8.7,2,2,64,09:44 PM,11:10 AM,07:37 AM,05:42 PM,-13,-1,1,-1,12,0,42,0.0,1025,7,10,112,7
2010-11-26,10,-3,0.0,8.7,2,2,57,10:51 PM,11:50 AM,07:38 AM,05:41 PM,-17,0,2,0,10,0,24,0.0,1024,10,10,93,6
2010-11-27,14,-1,0.0,8.7,3,3,49,11:58 PM,12:26 PM,07:39 AM,05:41 PM,-8,3,5,3,23,23,43,0.5,1014,14,9,264,14
2010-11-28,6,-0,0.0,8.7,2,2,41,No moonrise,12:59 PM,07:40 AM,05:41 PM,-3,-2,2,-2,26,4,71,0.0,1016,6,10,269,17
2010-11-29,7,-3,0.0,8.7,2,2,34,01:05 AM,01:32 PM,07:40 AM,05:41 PM,-11,-1,1,-1,12,1,51,0.0,1028,7,10,180,7
2010-11-30,9,-3,0.0,8.7,2,2,26,02:12 AM,02:04 PM,07:41 AM,05:40 PM,-11,0,1,0,9,7,43,0.0,1030,9,10,77,5
2010-12-01,12,-2,0.0,8.7,2,2,25,03:20 AM,02:38 PM,07:42 AM,05:40 PM,-11,3,4,3,8,7,35,0.0,1023,12,10,80,4
2010-12-02,16,1,0.0,8.7,3,3,18,04:29 AM,03:17 PM,07:43 AM,05:40 PM,-8,6,7,6,6,13,35,0.0,1018,16,10,191,3
2010-12-03,18,5,0.0,8.7,3,3,11,05:38 AM,04:00 PM,07:44 AM,05:40 PM,-6,9,9,9,10,36,34,0.0,1016,18,10,208,5
2010-12-04,17,5,0.0,8.7,3,3,4,06:45 AM,04:49 PM,07:45 AM,05:40 PM,-8,8,9,8,9,34,33,0.0,1017,17,10,164,5
2010-12-05,15,4,0.0,8.7,3,3,0,07:49 AM,05:44 PM,07:46 AM,05:40 PM,-2,8,9,8,13,40,48,0.2,1019,15,10,122,8
2010-12-06,15,4,0.0,8.7,3,3,0,08:46 AM,06:42 PM,07:46 AM,05:40 PM,1,6,7,6,11,2,67,0.0,1024,15,10,254,6
2010-12-07,15,2,0.0,8.7,3,3,4,09:36 AM,07:44 PM,07:47 AM,05:40 PM,-1,6,7,6,10,0,61,0.0,1024,15,10,159,6
2010-12-08,18,1,0.0,8.7,3,3,11,10:18 AM,08:45 PM,07:48 AM,05:40 PM,-5,7,8,7,11,12,45,0.0,1021,18,10,224,6
2010-12-09,19,7,0.0,8.7,4,4,18,10:54 AM,09:44 PM,07:49 AM,05:40 PM,3,9,11,9,24,5,60,0.0,1020,19,10,273,14
2010-12-10,18,6,0.0,8.7,3,3,25,11:26 AM,10:41 PM,07:50 AM,05:40 PM,2,8,10,8,21,2,62,0.0,1021,18,10,279,12
2010-12-11,19,6,0.0,8.7,4,4,33,11:54 AM,11:38 PM,07:50 AM,05:41 PM,4,9,10,9,10,3,69,0.0,1022,19,10,237,5
2010-12-12,19,5,0.0,8.7,4,4,40,12:20 PM,No moonset,07:51 AM,05:41 PM,3,10,10,10,9,0,66,0.0,1023,19,10,65,5
2010-12-13,21,3,0.0,8.7,3,3,47,12:47 PM,12:32 AM,07:52 AM,05:41 PM,-2,10,10,10,9,4,50,0.0,1018,21,10,208,4
2010-12-14,19,6,0.0,8.7,4,4,54,01:13 PM,01:28 AM,07:52 AM,05:41 PM,-9,9,10,9,26,3,28,0.0,1014,19,10,267,15
2010-12-15,13,5,0.0,8.7,3,3,62,01:42 PM,02:23 AM,07:53 AM,05:42 PM,-1,5,8,5,25,33,57,0.0,1013,13,10,266,15
2010-12-16,13,4,0.0,8.7,3,3,69,02:13 PM,03:21 AM,07:54 AM,05:42 PM,-4,5,7,5,16,28,49,0.0,1013,13,10,268,10
2010-12-17,10,5,0.0,5.4,2,2,76,02:49 PM,04:20 AM,07:54 AM,05:42 PM,4,6,7,6,10,59,81,1.8,1014,10,10,196,7
2010-12-18,11,8,0.0,3.7,2,2,84,03:32 PM,05:21 AM,07:55 AM,05:43 PM,8,8,9,8,20,67,93,10.1,1013,11,9,227,13
2010-12-19,13,8,0.0,7.0,3,3,91,04:21 PM,06:22 AM,07:55 AM,05:43 PM,9,8,10,8,26,63,92,13.4,1008,13,9,229,17
2010-12-20,8,6,0.0,3.7,2,2,98,05:19 PM,07:21 AM,07:56 AM,05:44 PM,5,5,7,5,17,68,92,13.9,1009,8,9,273,11
2010-12-21,9,6,0.0,7.0,2,2,100,06:22 PM,08:16 AM,07:57 AM,05:44 PM,6,6,7,6,13,64,92,2.8,1012,9,8,168,9
2010-12-22,9,6,0.0,3.7,2,2,87,07:31 PM,09:05 AM,07:57 AM,05:45 PM,7,6,7,6,13,77,95,5.2,1009,9,7,168,8
2010-12-23,12,4,0.0,8.7,3,3,80,08:40 PM,09:49 AM,07:57 AM,05:45 PM,4,6,7,6,11,25,85,0.0,1020,12,6,182,6
2010-12-24,12,3,0.0,8.7,3,3,73,09:50 PM,10:27 AM,07:58 AM,05:46 PM,4,5,6,5,13,31,88,0.0,1021,12,7,64,7
2010-12-25,11,4,0.0,7.0,3,3,66,10:58 PM,11:02 AM,07:58 AM,05:46 PM,4,5,7,5,14,31,82,0.0,1017,11,10,114,8
2010-12-26,9,3,0.0,8.7,3,3,58,No moonrise,11:35 AM,07:59 AM,05:47 PM,3,3,5,3,21,25,85,0.4,1021,9,8,275,13
2010-12-27,11,2,0.0,8.7,3,3,51,12:05 AM,12:07 PM,07:59 AM,05:48 PM,2,4,5,4,11,23,79,0.0,1023,11,9,237,6
2010-12-28,13,3,0.0,8.7,3,3,44,01:13 AM,12:40 PM,07:59 AM,05:48 PM,4,5,7,5,19,19,81,0.0,1017,13,10,250,10
2010-12-29,9,1,0.0,8.7,3,3,36,02:19 AM,01:16 PM,08:00 AM,05:49 PM,3,1,6,1,37,25,83,1.5,1005,9,10,252,24
2010-12-30,3,-3,0.0,8.7,2,2,29,03:27 AM,01:56 PM,08:00 AM,05:50 PM,-6,-4,-1,-4,17,5,69,0.0,1011,3,10,266,12
2010-12-31,3,-4,0.0,8.7,2,2,25,04:33 AM,02:42 PM,08:00 AM,05:50 PM,-7,-4,-1,-4,13,10,65,0.0,1018,3,10,193,8
2010-12-01,12,-2,0.0,8.7,2,2,25,03:20 AM,02:38 PM,07:42 AM,05:40 PM,-11,3,4,3,8,7,35,0.0,1023,12,10,80,4
2010-12-02,16,1,0.0,8.7,3,3,18,04:29 AM,03:17 PM,07:43 AM,05:40 PM,-8,6,7,6,6,13,35,0.0,1018,16,10,191,3
2010-12-03,18,5,0.0,8.7,3,3,11,05:38 AM,04:00 PM,07:44 AM,05:40 PM,-6,9,9,9,10,36,34,0.0,1016,18,10,208,5
2010-12-04,17,5,0.0,8.7,3,3,4,06:45 AM,04:49 PM,07:45 AM,05:40 PM,-8,8,9,8,9,34,33,0.0,1017,17,10,164,5
2010-12-05,15,4,0.0,8.7,3,3,0,07:49 AM,05:44 PM,07:46 AM,05:40 PM,-2,8,9,8,13,40,48,0.2,1019,15,10,122,8
2010-12-06,15,4,0.0,8.7,3,3,0,08:46 AM,06:42 PM,07:46 AM,05:40 PM,1,6,7,6,11,2,67,0.0,1024,15,10,254,6
2010-12-07,15,2,0.0,8.7,3,3,4,09:36 AM,07:44 PM,07:47 AM,05:40 PM,-1,6,7,6,10,0,61,0.0,1024,15,10,159,6
2010-12-08,18,1,0.0,8.7,3,3,11,10:18 AM,08:45 PM,07:48 AM,05:40 PM,-5,7,8,7,11,12,45,0.0,1021,18,10,224,6
2010-12-09,19,7,0.0,8.7,4,4,18,10:54 AM,09:44 PM,07:49 AM,05:40 PM,3,9,11,9,24,5,60,0.0,1020,19,10,273,14
2010-12-10,18,6,0.0,8.7,3,3,25,11:26 AM,10:41 PM,07:50 AM,05:40 PM,2,8,10,8,21,2,62,0.0,1021,18,10,279,12
2010-12-11,19,6,0.0,8.7,4,4,33,11:54 AM,11:38 PM,07:50 AM,05:41 PM,4,9,10,9,10,3,69,0.0,1022,19,10,237,5
2010-12-12,19,5,0.0,8.7,4,4,40,12:20 PM,No moonset,07:51 AM,05:41 PM,3,10,10,10,9,0,66,0.0,1023,19,10,65,5
2010-12-13,21,3,0.0,8.7,3,3,47,12:47 PM,12:32 AM,07:52 AM,05:41 PM,-2,10,10,10,9,4,50,0.0,1018,21,10,208,4
2010-12-14,19,6,0.0,8.7,4,4,54,01:13 PM,01:28 AM,07:52 AM,05:41 PM,-9,9,10,9,26,3,28,0.0,1014,19,10,267,15
2010-12-15,13,5,0.0,8.7,3,3,62,01:42 PM,02:23 AM,07:53 AM,05:42 PM,-1,5,8,5,25,33,57,0.0,1013,13,10,266,15
2010-12-16,13,4,0.0,8.7,3,3,69,02:13 PM,03:21 AM,07:54 AM,05:42 PM,-4,5,7,5,16,28,49,0.0,1013,13,10,268,10
2010-12-17,10,5,0.0,5.4,2,2,76,02:49 PM,04:20 AM,07:54 AM,05:42 PM,4,6,7,6,10,59,81,1.8,1014,10,10,196,7
2010-12-18,11,8,0.0,3.7,2,2,84,03:32 PM,05:21 AM,07:55 AM,05:43 PM,8,8,9,8,20,67,93,10.1,1013,11,9,227,13
2010-12-19,13,8,0.0,7.0,3,3,91,04:21 PM,06:22 AM,07:55 AM,05:43 PM,9,8,10,8,26,63,92,13.4,1008,13,9,229,17
2010-12-20,8,6,0.0,3.7,2,2,98,05:19 PM,07:21 AM,07:56 AM,05:44 PM,5,5,7,5,17,68,92,13.9,1009,8,9,273,11
2010-12-21,9,6,0.0,7.0,2,2,100,06:22 PM,08:16 AM,07:57 AM,05:44 PM,6,6,7,6,13,64,92,2.8,1012,9,8,168,9
2010-12-22,9,6,0.0,3.7,2,2,87,07:31 PM,09:05 AM,07:57 AM,05:45 PM,7,6,7,6,13,77,95,5.2,1009,9,7,168,8
2010-12-23,12,4,0.0,8.7,3,3,80,08:40 PM,09:49 AM,07:57 AM,05:45 PM,4,6,7,6,11,25,85,0.0,1020,12,6,182,6
2010-12-24,12,3,0.0,8.7,3,3,73,09:50 PM,10:27 AM,07:58 AM,05:46 PM,4,5,6,5,13,31,88,0.0,1021,12,7,64,7
2010-12-25,11,4,0.0,7.0,3,3,66,10:58 PM,11:02 AM,07:58 AM,05:46 PM,4,5,7,5,14,31,82,0.0,1017,11,10,114,8
2010-12-26,9,3,0.0,8.7,3,3,58,No moonrise,11:35 AM,07:59 AM,05:47 PM,3,3,5,3,21,25,85,0.4,1021,9,8,275,13
2010-12-27,11,2,0.0,8.7,3,3,51,12:05 AM,12:07 PM,07:59 AM,05:48 PM,2,4,5,4,11,23,79,0.0,1023,11,9,237,6
2010-12-28,13,3,0.0,8.7,3,3,44,01:13 AM,12:40 PM,07:59 AM,05:48 PM,4,5,7,5,19,19,81,0.0,1017,13,10,250,10
2010-12-29,9,1,0.0,8.7,3,3,36,02:19 AM,01:16 PM,08:00 AM,05:49 PM,3,1,6,1,37,25,83,1.5,1005,9,10,252,24
2010-12-30,3,-3,0.0,8.7,2,2,29,03:27 AM,01:56 PM,08:00 AM,05:50 PM,-6,-4,-1,-4,17,5,69,0.0,1011,3,10,266,12
2010-12-31,3,-4,0.0,8.7,2,2,25,04:33 AM,02:42 PM,08:00 AM,05:50 PM,-7,-4,-1,-4,13,10,65,0.0,1018,3,10,193,8
